[
    {
        "id": 1,
        "name": "Margherita",
        "description": "Classic pizza with fresh mozzarella, tomatoes, and basil."
    },
    {
        "id": 2,
        "name": "Pepperoni",
        "description": "Spicy pepperoni slices with mozzarella cheese and tomato sauce."
    },
    {
        "id": 3,
        "name": "BBQ Chicken",
        "description": "Grilled chicken with BBQ sauce, red onions, and cilantro."
    },
    {
        "id": 4,
        "name": "Veggie",
        "description": "A delightful mix of bell peppers, onions, mushrooms, and olives."
    },
    {
        "id": 5,
        "name": "Hawaiian",
        "description": "Ham and pineapple with mozzarella cheese and tomato sauce."
    },
    {
        "id": 6,
        "name": "Four Cheese",
        "description": "A blend of mozzarella, cheddar, parmesan, and blue cheese."
    }
]
